{
    "loss": 0.6831018924713135,
    "accuracy": 0.8448275923728943
}